{
  "i18n/i18n.properties": 1676876937323,
  "test/integration/pages/SrvAuthorsObjectPage.js": 1676876833755,
  "manifest.json": 1676879643252,
  "xs-app.json": 1676879643252,
  "test/integration/pages/SrvAuthorsList.js": 1676876833755,
  "test/integration/opaTests.qunit.js": 1676876833751,
  "test/integration/FirstJourney.js": 1676876833755,
  "test/testsuite.qunit.js": 1676876833743,
  "Component.js": 1676876833727,
  "manifest-bundle.zip": 1676879695627,
  "Component-preload.js": 1676879695749,
  "test/integration/pages/SrvAuthorsList-dbg.js": 1676876833755,
  "test/integration/pages/SrvAuthorsObjectPage-dbg.js": 1676876833755,
  "test/integration/opaTests.qunit-dbg.js": 1676876833751,
  "test/integration/FirstJourney-dbg.js": 1676876833755,
  "test/testsuite.qunit-dbg.js": 1676876833743,
  "Component-dbg.js": 1676876833727,
  "test/integration/opaTests.qunit.html": 1676876833751,
  "test/testsuite.qunit.html": 1676876833743,
  "test/flpSandbox.html": 1676876833743,
  "localService/metadata.xml": 1676876833743,
  "index.html": 1676876833727
}